ParcelId,201610,201611,201612,201710,201711,201712,parcelid
11016594,0.0034,0.005,0.0066,0.0034,0.005,0.0066,11016594
14366692,-0.058,-0.0564,-0.0548,-0.058,-0.0564,-0.0548,14366692
12098116,-0.0063,-0.0047,-0.0031,-0.0063,-0.0047,-0.0031,12098116
12643413,0.0056,0.0072,0.0088,0.0056,0.0072,0.0088,12643413
14432541,0.0019,0.0035,0.0051,0.0019,0.0035,0.0051,14432541
11509835,-0.1152,-0.1136,-0.112,-0.1152,-0.1136,-0.112,11509835
12286022,-0.0031,-0.0014,0.0002,-0.0031,-0.0014,0.0002,12286022
17177301,0.0488,0.0504,0.052,0.0488,0.0504,0.052,17177301
14739064,-0.0204,-0.0187,-0.0171,-0.0204,-0.0187,-0.0171,14739064
14677559,-0.0166,-0.015,-0.0134,-0.0166,-0.015,-0.0134,14677559
10854446,0.1037,0.1053,0.1069,0.1037,0.1053,0.1069,10854446
11672170,0.0038,0.0054,0.007,0.0038,0.0054,0.007,11672170
10949761,0.0418,0.0434,0.045,0.0418,0.0434,0.045,10949761
14665244,0.0113,0.0129,0.0145,0.0113,0.0129,0.0145,14665244
14148540,-0.0237,-0.0221,-0.0205,-0.0237,-0.0221,-0.0205,14148540
14057104,-0.0007,0.0009,0.0026,-0.0007,0.0009,0.0026,14057104
17296797,0.0184,0.02,0.0216,0.0184,0.02,0.0216,17296797
12524288,-0.0058,-0.0042,-0.0025,-0.0058,-0.0042,-0.0025,12524288
14091502,-0.0023,-0.0007,0.0009,-0.0023,-0.0007,0.0009,14091502
10815909,0.018,0.0196,0.0212,0.018,0.0196,0.0212,10815909
12453853,-0.0169,-0.0153,-0.0136,-0.0169,-0.0153,-0.0136,12453853
14253461,0.0042,0.0058,0.0075,0.0042,0.0058,0.0075,14253461
14001034,0.0045,0.0062,0.0078,0.0045,0.0062,0.0078,14001034
11458863,0.0235,0.0251,0.0268,0.0235,0.0251,0.0268,11458863
13957980,-0.0343,-0.0326,-0.031,-0.0343,-0.0326,-0.031,13957980
12752047,-0.0096,-0.008,-0.0064,-0.0096,-0.008,-0.0064,12752047
11188425,-0.025,-0.0234,-0.0217,-0.025,-0.0234,-0.0217,11188425
14646051,-0.0103,-0.0087,-0.0071,-0.0103,-0.0087,-0.0071,14646051
10805063,0.0019,0.0036,0.0052,0.0019,0.0036,0.0052,10805063
12524725,-0.0126,-0.011,-0.0093,-0.0126,-0.011,-0.0093,12524725
11104966,-0.0155,-0.0138,-0.0122,-0.0155,-0.0138,-0.0122,11104966
11624877,-0.0108,-0.0092,-0.0075,-0.0108,-0.0092,-0.0075,11624877
12440314,-0.0018,-0.0002,0.0014,-0.0018,-0.0002,0.0014,12440314
12037577,0.0028,0.0045,0.0061,0.0028,0.0045,0.0061,12037577
11024002,0.0132,0.0148,0.0164,0.0132,0.0148,0.0164,11024002
10777209,0.0265,0.0281,0.0297,0.0265,0.0281,0.0297,10777209
14022628,-0.0101,-0.0085,-0.0068,-0.0101,-0.0085,-0.0068,14022628
14195954,-0.0015,0.0001,0.0017,-0.0015,0.0001,0.0017,14195954
12339438,0.0365,0.0381,0.0397,0.0365,0.0381,0.0397,12339438
14022972,-0.0022,-0.0006,0.001,-0.0022,-0.0006,0.001,14022972
11921507,0.014,0.0156,0.0172,0.014,0.0156,0.0172,11921507
14055759,0.0117,0.0133,0.015,0.0117,0.0133,0.015,14055759
14337898,0.0016,0.0032,0.0048,0.0016,0.0032,0.0048,14337898
10984360,0.0075,0.0091,0.0107,0.0075,0.0091,0.0107,10984360
11708989,-0.0438,-0.0422,-0.0405,-0.0438,-0.0422,-0.0405,11708989
14008449,0.0116,0.0132,0.0148,0.0116,0.0132,0.0148,14008449
10812783,0.016,0.0176,0.0192,0.016,0.0176,0.0192,10812783
14389517,0.0154,0.017,0.0186,0.0154,0.017,0.0186,14389517
11874881,-0.0104,-0.0087,-0.0071,-0.0104,-0.0087,-0.0071,11874881
12859348,-0.0147,-0.013,-0.0114,-0.0147,-0.013,-0.0114,12859348
12885665,-0.0101,-0.0085,-0.0068,-0.0101,-0.0085,-0.0068,12885665
12934834,-0.0113,-0.0097,-0.0081,-0.0113,-0.0097,-0.0081,12934834
14077187,0.0079,0.0095,0.0111,0.0079,0.0095,0.0111,14077187
14693306,0.0063,0.0079,0.0095,0.0063,0.0079,0.0095,14693306
13892813,0.0067,0.0083,0.0099,0.0067,0.0083,0.0099,13892813
11510907,0.0137,0.0153,0.0169,0.0137,0.0153,0.0169,11510907
11519155,0.0215,0.0231,0.0247,0.0215,0.0231,0.0247,11519155
14365990,0.0124,0.014,0.0156,0.0124,0.014,0.0156,14365990
11403600,-0.0498,-0.0481,-0.0465,-0.0498,-0.0481,-0.0465,11403600
12086710,0.017,0.0187,0.0203,0.017,0.0187,0.0203,12086710
14030226,-0.0044,-0.0028,-0.0012,-0.0044,-0.0028,-0.0012,14030226
12701128,0.0574,0.059,0.0606,0.0574,0.059,0.0606,12701128
14632504,-0.0104,-0.0088,-0.0072,-0.0104,-0.0088,-0.0072,14632504
12932190,0.0187,0.0203,0.022,0.0187,0.0203,0.022,12932190
14696295,-0.0068,-0.0051,-0.0035,-0.0068,-0.0051,-0.0035,14696295
11940440,-0.04,-0.0384,-0.0367,-0.04,-0.0384,-0.0367,11940440
14674493,-0.0065,-0.0049,-0.0033,-0.0065,-0.0049,-0.0033,14674493
17249897,0.0031,0.0047,0.0063,0.0031,0.0047,0.0063,17249897
10908638,0.0025,0.0041,0.0058,0.0025,0.0041,0.0058,10908638
10953535,0.0162,0.0178,0.0194,0.0162,0.0178,0.0194,10953535
14246533,-0.0183,-0.0167,-0.0151,-0.0183,-0.0167,-0.0151,14246533
11267869,-0.024,-0.0224,-0.0207,-0.024,-0.0224,-0.0207,11267869
10746700,0.0491,0.0508,0.0524,0.0491,0.0508,0.0524,10746700
12921680,-0.0005,0.0011,0.0027,-0.0005,0.0011,0.0027,12921680
17282027,-0.0072,-0.0056,-0.004,-0.0072,-0.0056,-0.004,17282027
14731078,0.0006,0.0023,0.0039,0.0006,0.0023,0.0039,14731078
13964033,-0.0024,-0.0008,0.0008,-0.0024,-0.0008,0.0008,13964033
11523731,-0.0168,-0.0152,-0.0135,-0.0168,-0.0152,-0.0135,11523731
11427633,-0.0002,0.0014,0.0031,-0.0002,0.0014,0.0031,11427633
14042212,0.0227,0.0243,0.0259,0.0227,0.0243,0.0259,14042212
13980837,-0.0201,-0.0185,-0.0169,-0.0201,-0.0185,-0.0169,13980837
12533657,-0.0041,-0.0025,-0.0009,-0.0041,-0.0025,-0.0009,12533657
14130954,0.0013,0.0029,0.0045,0.0013,0.0029,0.0045,14130954
14502204,0.0056,0.0072,0.0089,0.0056,0.0072,0.0089,14502204
12516077,0.009,0.0106,0.0122,0.009,0.0106,0.0122,12516077
17158640,0.037,0.0386,0.0402,0.037,0.0386,0.0402,17158640
14733074,0.0065,0.0081,0.0097,0.0065,0.0081,0.0097,14733074
13077042,-0.0082,-0.0066,-0.005,-0.0082,-0.0066,-0.005,13077042
11702617,-0.0436,-0.042,-0.0404,-0.0436,-0.042,-0.0404,11702617
14229471,0.0145,0.0161,0.0177,0.0145,0.0161,0.0177,14229471
12780042,0.0125,0.0141,0.0158,0.0125,0.0141,0.0158,12780042
12193158,-0.0251,-0.0235,-0.0219,-0.0251,-0.0235,-0.0219,12193158
11948830,-0.0367,-0.0351,-0.0335,-0.0367,-0.0351,-0.0335,11948830
14421073,-0.0597,-0.0581,-0.0565,-0.0597,-0.0581,-0.0565,14421073
11986763,-0.0224,-0.0208,-0.0192,-0.0224,-0.0208,-0.0192,11986763
17192496,-0.0019,-0.0003,0.0013,-0.0019,-0.0003,0.0013,17192496
14715925,-0.032,-0.0304,-0.0288,-0.032,-0.0304,-0.0288,14715925
17088153,-0.001,0.0007,0.0023,-0.001,0.0007,0.0023,17088153
14616359,-0.0255,-0.0239,-0.0223,-0.0255,-0.0239,-0.0223,14616359
10801388,0.0143,0.0159,0.0176,0.0143,0.0159,0.0176,10801388
14322594,0.0259,0.0275,0.0291,0.0259,0.0275,0.0291,14322594
14324521,-0.134,-0.1323,-0.1307,-0.134,-0.1323,-0.1307,14324521
17118736,0.0201,0.0217,0.0233,0.0201,0.0217,0.0233,17118736
10848180,-0.0032,-0.0016,-0.0,-0.0032,-0.0016,-0.0,10848180
12755278,0.0377,0.0393,0.0409,0.0377,0.0393,0.0409,12755278
11057902,0.0023,0.004,0.0056,0.0023,0.004,0.0056,11057902
11641841,-0.038,-0.0363,-0.0347,-0.038,-0.0363,-0.0347,11641841
14227578,0.0082,0.0098,0.0114,0.0082,0.0098,0.0114,14227578
14140396,-0.013,-0.0114,-0.0098,-0.013,-0.0114,-0.0098,14140396
14412754,0.0049,0.0065,0.0081,0.0049,0.0065,0.0081,14412754
14692960,-0.0444,-0.0427,-0.0411,-0.0444,-0.0427,-0.0411,14692960
10752781,0.0029,0.0045,0.0061,0.0029,0.0045,0.0061,10752781
14443228,0.0127,0.0143,0.0159,0.0127,0.0143,0.0159,14443228
14421427,0.0099,0.0115,0.0131,0.0099,0.0115,0.0131,14421427
11056378,-0.0123,-0.0107,-0.0091,-0.0123,-0.0107,-0.0091,11056378
12863513,0.0253,0.0269,0.0285,0.0253,0.0269,0.0285,12863513
11269343,0.0159,0.0175,0.0191,0.0159,0.0175,0.0191,11269343
12515416,-0.0044,-0.0028,-0.0012,-0.0044,-0.0028,-0.0012,12515416
10748903,0.0229,0.0245,0.0261,0.0229,0.0245,0.0261,10748903
12597787,0.011,0.0126,0.0143,0.011,0.0126,0.0143,12597787
11056109,-0.0028,-0.0012,0.0004,-0.0028,-0.0012,0.0004,11056109
12338963,0.0845,0.0861,0.0877,0.0845,0.0861,0.0877,12338963
12887934,-0.0004,0.0012,0.0028,-0.0004,0.0012,0.0028,12887934
12498811,-0.0387,-0.0371,-0.0355,-0.0387,-0.0371,-0.0355,12498811
12221552,0.0114,0.0131,0.0147,0.0114,0.0131,0.0147,12221552
12136379,0.0204,0.022,0.0236,0.0204,0.022,0.0236,12136379
17188935,-0.0081,-0.0065,-0.0049,-0.0081,-0.0065,-0.0049,17188935
14084996,0.0036,0.0052,0.0068,0.0036,0.0052,0.0068,14084996
10999114,-0.0077,-0.0061,-0.0044,-0.0077,-0.0061,-0.0044,10999114
14244947,0.0071,0.0087,0.0104,0.0071,0.0087,0.0104,14244947
12261255,-0.0101,-0.0084,-0.0068,-0.0101,-0.0084,-0.0068,12261255
11002227,0.0043,0.0059,0.0075,0.0043,0.0059,0.0075,11002227
12727119,0.0319,0.0336,0.0352,0.0319,0.0336,0.0352,12727119
11603214,-0.0131,-0.0115,-0.0099,-0.0131,-0.0115,-0.0099,11603214
13880945,-0.0183,-0.0167,-0.0151,-0.0183,-0.0167,-0.0151,13880945
12505717,0.0067,0.0084,0.01,0.0067,0.0084,0.01,12505717
17055019,0.0098,0.0114,0.013,0.0098,0.0114,0.013,17055019
13877133,0.0235,0.0251,0.0268,0.0235,0.0251,0.0268,13877133
11297146,-0.0306,-0.029,-0.0273,-0.0306,-0.029,-0.0273,11297146
12268525,-0.022,-0.0204,-0.0188,-0.022,-0.0204,-0.0188,12268525
11448170,0.0267,0.0284,0.03,0.0267,0.0284,0.03,11448170
13935681,-0.0395,-0.0379,-0.0363,-0.0395,-0.0379,-0.0363,13935681
10883409,0.0382,0.0398,0.0414,0.0382,0.0398,0.0414,10883409
13872819,-0.0283,-0.0267,-0.025,-0.0283,-0.0267,-0.025,13872819
13896016,0.0288,0.0305,0.0321,0.0288,0.0305,0.0321,13896016
11916304,0.0068,0.0084,0.0101,0.0068,0.0084,0.0101,11916304
12229878,-0.0149,-0.0133,-0.0117,-0.0149,-0.0133,-0.0117,12229878
14365040,0.0061,0.0077,0.0094,0.0061,0.0077,0.0094,14365040
11251631,-0.031,-0.0294,-0.0278,-0.031,-0.0294,-0.0278,11251631
13918657,0.0107,0.0123,0.0139,0.0107,0.0123,0.0139,13918657
14710649,-0.0002,0.0014,0.003,-0.0002,0.0014,0.003,14710649
14366651,-0.0271,-0.0255,-0.0239,-0.0271,-0.0255,-0.0239,14366651
11767927,-0.0424,-0.0408,-0.0391,-0.0424,-0.0408,-0.0391,11767927
10981110,0.0027,0.0043,0.0059,0.0027,0.0043,0.0059,10981110
13896100,0.0431,0.0448,0.0464,0.0431,0.0448,0.0464,13896100
10981417,0.0005,0.0021,0.0037,0.0005,0.0021,0.0037,10981417
14483291,0.014,0.0156,0.0172,0.014,0.0156,0.0172,14483291
10900015,0.0025,0.0041,0.0057,0.0025,0.0041,0.0057,10900015
11908800,0.099,0.1006,0.1022,0.099,0.1006,0.1022,11908800
11422524,0.0109,0.0125,0.0141,0.0109,0.0125,0.0141,11422524
12723859,0.0354,0.037,0.0386,0.0354,0.037,0.0386,12723859
13902249,-0.0035,-0.0019,-0.0003,-0.0035,-0.0019,-0.0003,13902249
12872748,0.0092,0.0108,0.0125,0.0092,0.0108,0.0125,12872748
11664308,0.0014,0.003,0.0047,0.0014,0.003,0.0047,11664308
13914106,-0.0138,-0.0121,-0.0105,-0.0138,-0.0121,-0.0105,13914106
14636858,-0.008,-0.0063,-0.0047,-0.008,-0.0063,-0.0047,14636858
12270299,-0.0806,-0.0789,-0.0773,-0.0806,-0.0789,-0.0773,12270299
12901047,0.0143,0.016,0.0176,0.0143,0.016,0.0176,12901047
10865683,-0.0054,-0.0038,-0.0022,-0.0054,-0.0038,-0.0022,10865683
12616210,0.0352,0.0368,0.0384,0.0352,0.0368,0.0384,12616210
10960001,0.008,0.0096,0.0112,0.008,0.0096,0.0112,10960001
12002086,-0.0101,-0.0085,-0.0068,-0.0101,-0.0085,-0.0068,12002086
12300590,-0.0024,-0.0008,0.0008,-0.0024,-0.0008,0.0008,12300590
14674230,0.0142,0.0159,0.0175,0.0142,0.0159,0.0175,14674230
14597760,-0.0002,0.0014,0.003,-0.0002,0.0014,0.003,14597760
14498398,0.0122,0.0139,0.0155,0.0122,0.0139,0.0155,14498398
14615747,0.0192,0.0208,0.0224,0.0192,0.0208,0.0224,14615747
10864723,-0.0081,-0.0065,-0.0049,-0.0081,-0.0065,-0.0049,10864723
11037394,0.0104,0.012,0.0136,0.0104,0.012,0.0136,11037394
11846598,-0.0168,-0.0152,-0.0136,-0.0168,-0.0152,-0.0136,11846598
10958511,-0.007,-0.0053,-0.0037,-0.007,-0.0053,-0.0037,10958511
13954029,0.0051,0.0067,0.0084,0.0051,0.0067,0.0084,13954029
14339531,0.004,0.0056,0.0072,0.004,0.0056,0.0072,14339531
13100508,0.0091,0.0107,0.0123,0.0091,0.0107,0.0123,13100508
11548125,-0.1055,-0.1039,-0.1023,-0.1055,-0.1039,-0.1023,11548125
10907593,-0.0018,-0.0001,0.0015,-0.0018,-0.0001,0.0015,10907593
12095743,-0.0005,0.0011,0.0027,-0.0005,0.0011,0.0027,12095743
13872388,-0.0094,-0.0078,-0.0062,-0.0094,-0.0078,-0.0062,13872388
10741537,0.0214,0.023,0.0246,0.0214,0.023,0.0246,10741537
13851543,-0.0127,-0.0111,-0.0094,-0.0127,-0.0111,-0.0094,13851543
11567831,-0.0204,-0.0188,-0.0172,-0.0204,-0.0188,-0.0172,11567831
17267250,0.006,0.0076,0.0092,0.006,0.0076,0.0092,17267250
11768520,-0.0478,-0.0462,-0.0446,-0.0478,-0.0462,-0.0446,11768520
14270950,0.0275,0.0291,0.0307,0.0275,0.0291,0.0307,14270950
13938654,0.0067,0.0083,0.0099,0.0067,0.0083,0.0099,13938654
14419151,0.0228,0.0244,0.026,0.0228,0.0244,0.026,14419151
14051738,0.0197,0.0213,0.0229,0.0197,0.0213,0.0229,14051738
14104070,0.0046,0.0063,0.0079,0.0046,0.0063,0.0079,14104070
11309502,0.0012,0.0029,0.0045,0.0012,0.0029,0.0045,11309502
10904630,-0.0033,-0.0017,-0.0001,-0.0033,-0.0017,-0.0001,10904630
13858454,0.0053,0.0069,0.0085,0.0053,0.0069,0.0085,13858454
14713723,0.0029,0.0046,0.0062,0.0029,0.0046,0.0062,14713723
11166503,0.0083,0.0099,0.0115,0.0083,0.0099,0.0115,11166503
11648653,-0.0037,-0.0021,-0.0004,-0.0037,-0.0021,-0.0004,11648653
11022729,0.0069,0.0085,0.0101,0.0069,0.0085,0.0101,11022729
14108170,0.0176,0.0192,0.0208,0.0176,0.0192,0.0208,14108170
11143894,-0.0037,-0.0021,-0.0005,-0.0037,-0.0021,-0.0005,11143894
14110831,0.0104,0.012,0.0137,0.0104,0.012,0.0137,14110831
13859323,0.0347,0.0363,0.038,0.0347,0.0363,0.038,13859323
17289794,0.0109,0.0125,0.0141,0.0109,0.0125,0.0141,17289794
13971777,0.0253,0.0269,0.0286,0.0253,0.0269,0.0286,13971777
17292862,0.0146,0.0163,0.0179,0.0146,0.0163,0.0179,17292862
10815023,0.0263,0.0279,0.0295,0.0263,0.0279,0.0295,10815023
13013515,-0.0053,-0.0037,-0.0021,-0.0053,-0.0037,-0.0021,13013515
12029244,-0.0054,-0.0037,-0.0021,-0.0054,-0.0037,-0.0021,12029244
11115579,-0.0088,-0.0072,-0.0055,-0.0088,-0.0072,-0.0055,11115579
11115487,0.0189,0.0205,0.0222,0.0189,0.0205,0.0222,11115487
11975142,-0.0017,-0.0001,0.0016,-0.0017,-0.0001,0.0016,11975142
12893149,0.0052,0.0068,0.0084,0.0052,0.0068,0.0084,12893149
13994443,-0.0156,-0.014,-0.0124,-0.0156,-0.014,-0.0124,13994443
17238099,-0.0229,-0.0213,-0.0197,-0.0229,-0.0213,-0.0197,17238099
12429744,-0.0149,-0.0133,-0.0117,-0.0149,-0.0133,-0.0117,12429744
11623495,-0.0699,-0.0683,-0.0667,-0.0699,-0.0683,-0.0667,11623495
12430575,-0.0085,-0.0069,-0.0053,-0.0085,-0.0069,-0.0053,12430575
12031070,0.0311,0.0328,0.0344,0.0311,0.0328,0.0344,12031070
12945898,0.0188,0.0204,0.022,0.0188,0.0204,0.022,12945898
10833093,0.017,0.0186,0.0202,0.017,0.0186,0.0202,10833093
12044422,-0.0025,-0.0009,0.0007,-0.0025,-0.0009,0.0007,12044422
12422738,-0.0062,-0.0046,-0.003,-0.0062,-0.0046,-0.003,12422738
12676375,-0.0061,-0.0045,-0.0028,-0.0061,-0.0045,-0.0028,12676375
12414769,-0.0068,-0.0052,-0.0036,-0.0068,-0.0052,-0.0036,12414769
13022682,-0.0034,-0.0018,-0.0002,-0.0034,-0.0018,-0.0002,13022682
10936299,-0.0023,-0.0007,0.0009,-0.0023,-0.0007,0.0009,10936299
10836431,0.0628,0.0645,0.0661,0.0628,0.0645,0.0661,10836431
12418093,-0.0093,-0.0077,-0.006,-0.0093,-0.0077,-0.006,12418093
11121870,0.0218,0.0234,0.0251,0.0218,0.0234,0.0251,11121870
11801228,-0.0133,-0.0116,-0.01,-0.0133,-0.0116,-0.01,11801228
12807257,0.0559,0.0576,0.0592,0.0559,0.0576,0.0592,12807257
10915275,-0.0126,-0.011,-0.0094,-0.0126,-0.011,-0.0094,10915275
14207225,0.0094,0.011,0.0126,0.0094,0.011,0.0126,14207225
10803962,0.0006,0.0022,0.0038,0.0006,0.0022,0.0038,10803962
14426804,0.0208,0.0224,0.0241,0.0208,0.0224,0.0241,14426804
12523304,-0.007,-0.0054,-0.0038,-0.007,-0.0054,-0.0038,12523304
11745005,0.0133,0.0149,0.0166,0.0133,0.0149,0.0166,11745005
14601697,-0.0122,-0.0106,-0.009,-0.0122,-0.0106,-0.009,14601697
12818304,0.0032,0.0048,0.0065,0.0032,0.0048,0.0065,12818304
11973896,-0.0026,-0.001,0.0006,-0.0026,-0.001,0.0006,11973896
12686516,-0.0007,0.0009,0.0025,-0.0007,0.0009,0.0025,12686516
14020348,0.0022,0.0038,0.0054,0.0022,0.0038,0.0054,14020348
17195014,0.01,0.0116,0.0132,0.01,0.0116,0.0132,17195014
12892344,-0.0137,-0.012,-0.0104,-0.0137,-0.012,-0.0104,12892344
11492012,-0.0047,-0.0031,-0.0015,-0.0047,-0.0031,-0.0015,11492012
17240931,0.0187,0.0203,0.0219,0.0187,0.0203,0.0219,17240931
14749589,-0.0125,-0.0109,-0.0093,-0.0125,-0.0109,-0.0093,14749589
11105509,-0.0151,-0.0135,-0.0119,-0.0151,-0.0135,-0.0119,11105509
12446142,0.0208,0.0224,0.0241,0.0208,0.0224,0.0241,12446142
12446547,-0.0783,-0.0767,-0.0751,-0.0783,-0.0767,-0.0751,12446547
12977321,-0.0051,-0.0034,-0.0018,-0.0051,-0.0034,-0.0018,12977321
11970677,0.0079,0.0095,0.0112,0.0079,0.0095,0.0112,11970677
12034787,-0.0261,-0.0245,-0.0229,-0.0261,-0.0245,-0.0229,12034787
11488257,0.0095,0.0111,0.0127,0.0095,0.0111,0.0127,11488257
11887665,0.0344,0.036,0.0376,0.0344,0.036,0.0376,11887665
14684078,-0.0046,-0.003,-0.0013,-0.0046,-0.003,-0.0013,14684078
17196448,0.0182,0.0198,0.0214,0.0182,0.0198,0.0214,17196448
11713735,0.0052,0.0068,0.0084,0.0052,0.0068,0.0084,11713735
14604634,-0.0089,-0.0073,-0.0057,-0.0089,-0.0073,-0.0057,14604634
12431924,0.0136,0.0152,0.0168,0.0136,0.0152,0.0168,12431924
14428379,-0.0229,-0.0213,-0.0197,-0.0229,-0.0213,-0.0197,14428379
12832944,-0.01,-0.0084,-0.0068,-0.01,-0.0084,-0.0068,12832944
11158358,0.002,0.0036,0.0052,0.002,0.0036,0.0052,11158358
14603678,-0.0057,-0.0041,-0.0025,-0.0057,-0.0041,-0.0025,14603678
14003170,0.0058,0.0074,0.0091,0.0058,0.0074,0.0091,14003170
12452910,-0.034,-0.0324,-0.0308,-0.034,-0.0324,-0.0308,12452910
14217233,-0.0131,-0.0115,-0.0098,-0.0131,-0.0115,-0.0098,14217233
14664394,-0.0229,-0.0213,-0.0196,-0.0229,-0.0213,-0.0196,14664394
11158382,0.0298,0.0314,0.0331,0.0298,0.0314,0.0331,11158382
11628112,0.0131,0.0147,0.0163,0.0131,0.0147,0.0163,11628112
12689469,-0.0204,-0.0188,-0.0172,-0.0204,-0.0188,-0.0172,12689469
11624673,-0.01,-0.0084,-0.0068,-0.01,-0.0084,-0.0068,11624673
12823622,0.0189,0.0205,0.0221,0.0189,0.0205,0.0221,12823622
10826295,0.0063,0.0079,0.0095,0.0063,0.0079,0.0095,10826295
12804224,0.0198,0.0214,0.023,0.0198,0.0214,0.023,12804224
12884867,0.0014,0.003,0.0046,0.0014,0.003,0.0046,12884867
11397664,0.0081,0.0097,0.0114,0.0081,0.0097,0.0114,11397664
14624570,-0.0019,-0.0002,0.0014,-0.0019,-0.0002,0.0014,14624570
12026299,-0.0005,0.0012,0.0028,-0.0005,0.0012,0.0028,12026299
12407264,-0.0088,-0.0071,-0.0055,-0.0088,-0.0071,-0.0055,12407264
12683534,-0.0205,-0.0189,-0.0172,-0.0205,-0.0189,-0.0172,12683534
12406804,-0.0255,-0.0239,-0.0222,-0.0255,-0.0239,-0.0222,12406804
11195818,-0.0185,-0.0169,-0.0153,-0.0185,-0.0169,-0.0153,11195818
14167564,0.0023,0.0039,0.0055,0.0023,0.0039,0.0055,14167564
10774688,0.0089,0.0105,0.0121,0.0089,0.0105,0.0121,10774688
13032519,0.0052,0.0068,0.0084,0.0052,0.0068,0.0084,13032519
10756691,-0.0077,-0.0061,-0.0045,-0.0077,-0.0061,-0.0045,10756691
14166471,-0.0191,-0.0174,-0.0158,-0.0191,-0.0174,-0.0158,14166471
14166394,-0.0441,-0.0425,-0.0409,-0.0441,-0.0425,-0.0409,14166394
11086459,0.0125,0.0141,0.0157,0.0125,0.0141,0.0157,11086459
14680925,-0.0006,0.001,0.0026,-0.0006,0.001,0.0026,14680925
14314886,0.0089,0.0105,0.0122,0.0089,0.0105,0.0122,14314886
13983678,0.02,0.0216,0.0232,0.02,0.0216,0.0232,13983678
11337402,0.0071,0.0087,0.0103,0.0071,0.0087,0.0103,11337402
11198617,-0.0161,-0.0145,-0.0129,-0.0161,-0.0145,-0.0129,11198617
14162041,-0.0053,-0.0037,-0.0021,-0.0053,-0.0037,-0.0021,14162041
12956411,-0.0329,-0.0313,-0.0296,-0.0329,-0.0313,-0.0296,12956411
12166017,-0.0246,-0.023,-0.0214,-0.0246,-0.023,-0.0214,12166017
12956786,-0.0482,-0.0466,-0.045,-0.0482,-0.0466,-0.045,12956786
12393013,-0.0092,-0.0076,-0.0059,-0.0092,-0.0076,-0.0059,12393013
14160852,0.0113,0.013,0.0146,0.0113,0.013,0.0146,14160852
12062343,-0.0164,-0.0148,-0.0132,-0.0164,-0.0148,-0.0132,12062343
14667864,-0.0162,-0.0146,-0.013,-0.0162,-0.0146,-0.013,14667864
12801486,0.0115,0.0131,0.0148,0.0115,0.0131,0.0148,12801486
12168378,-0.0278,-0.0262,-0.0246,-0.0278,-0.0262,-0.0246,12168378
14171755,0.0114,0.013,0.0146,0.0114,0.013,0.0146,14171755
17197472,-0.1203,-0.1187,-0.1171,-0.1203,-0.1187,-0.1171,17197472
14678945,-0.0037,-0.0021,-0.0004,-0.0037,-0.0021,-0.0004,14678945
12410022,0.0693,0.071,0.0726,0.0693,0.071,0.0726,12410022
12462074,0.0007,0.0023,0.0039,0.0007,0.0023,0.0039,12462074
14600494,0.0097,0.0113,0.0129,0.0097,0.0113,0.0129,14600494
14664914,0.0008,0.0025,0.0041,0.0008,0.0025,0.0041,14664914
12966592,-0.0328,-0.0312,-0.0296,-0.0328,-0.0312,-0.0296,12966592
14199177,-0.0114,-0.0098,-0.0082,-0.0114,-0.0098,-0.0082,14199177
14615180,-0.0179,-0.0163,-0.0146,-0.0179,-0.0163,-0.0146,14615180
12109114,-0.0145,-0.0129,-0.0113,-0.0145,-0.0129,-0.0113,12109114
12021224,-0.0013,0.0003,0.0019,-0.0013,0.0003,0.0019,12021224
17297827,-0.0026,-0.001,0.0006,-0.0026,-0.001,0.0006,17297827
14455091,-0.0052,-0.0036,-0.0019,-0.0052,-0.0036,-0.0019,14455091
12544321,-0.005,-0.0033,-0.0017,-0.005,-0.0033,-0.0017,12544321
11012271,0.0087,0.0103,0.0119,0.0087,0.0103,0.0119,11012271
12958294,-0.0012,0.0004,0.002,-0.0012,0.0004,0.002,12958294
17218326,0.0029,0.0046,0.0062,0.0029,0.0046,0.0062,17218326
10980675,0.022,0.0237,0.0253,0.022,0.0237,0.0253,10980675
14614625,0.0016,0.0032,0.0049,0.0016,0.0032,0.0049,14614625
14215092,0.0049,0.0066,0.0082,0.0049,0.0066,0.0082,14215092
12737237,0.0058,0.0074,0.0091,0.0058,0.0074,0.0091,12737237
12737136,0.0045,0.0061,0.0077,0.0045,0.0061,0.0077,12737136
14096632,-0.0028,-0.0012,0.0004,-0.0028,-0.0012,0.0004,14096632
12109478,-0.0082,-0.0066,-0.005,-0.0082,-0.0066,-0.005,12109478
12021540,0.0092,0.0108,0.0124,0.0092,0.0108,0.0124,12021540
14625084,0.0011,0.0027,0.0043,0.0011,0.0027,0.0043,14625084
12276174,0.0023,0.004,0.0056,0.0023,0.004,0.0056,12276174
17226746,-0.0213,-0.0197,-0.0181,-0.0213,-0.0197,-0.0181,17226746
14745928,0.0129,0.0145,0.0161,0.0129,0.0145,0.0161,14745928
11928703,-0.0112,-0.0096,-0.008,-0.0112,-0.0096,-0.008,11928703
14066388,0.0017,0.0033,0.005,0.0017,0.0033,0.005,14066388
12507667,-0.0099,-0.0083,-0.0067,-0.0099,-0.0083,-0.0067,12507667
11580655,0.0083,0.01,0.0116,0.0083,0.01,0.0116,11580655
11232862,0.0104,0.0121,0.0137,0.0104,0.0121,0.0137,11232862
10872805,0.0193,0.0209,0.0225,0.0193,0.0209,0.0225,10872805
11110786,-0.0082,-0.0066,-0.005,-0.0082,-0.0066,-0.005,11110786
10729725,0.0073,0.0089,0.0105,0.0073,0.0089,0.0105,10729725
12011448,-0.0043,-0.0027,-0.0011,-0.0043,-0.0027,-0.0011,12011448
11563853,0.0094,0.011,0.0126,0.0094,0.011,0.0126,11563853
14707107,0.0002,0.0018,0.0034,0.0002,0.0018,0.0034,14707107
11000658,-0.0025,-0.0009,0.0007,-0.0025,-0.0009,0.0007,11000658
13887161,0.0009,0.0026,0.0042,0.0009,0.0026,0.0042,13887161
12845729,-0.0026,-0.001,0.0006,-0.0026,-0.001,0.0006,12845729
14081436,0.0025,0.0041,0.0057,0.0025,0.0041,0.0057,14081436
12106051,-0.0115,-0.0099,-0.0083,-0.0115,-0.0099,-0.0083,12106051
10874827,0.0283,0.0299,0.0315,0.0283,0.0299,0.0315,10874827
12845555,-0.005,-0.0034,-0.0018,-0.005,-0.0034,-0.0018,12845555
12869822,0.0164,0.0181,0.0197,0.0164,0.0181,0.0197,12869822
12718673,-0.007,-0.0054,-0.0038,-0.007,-0.0054,-0.0038,12718673
10774008,0.0173,0.0189,0.0206,0.0173,0.0189,0.0206,10774008
11569103,0.0111,0.0127,0.0143,0.0111,0.0127,0.0143,11569103
13876358,-0.0172,-0.0156,-0.014,-0.0172,-0.0156,-0.014,13876358
13876785,-0.0621,-0.0604,-0.0588,-0.0621,-0.0604,-0.0588,13876785
11661193,-0.0478,-0.0462,-0.0445,-0.0478,-0.0462,-0.0445,11661193
12113474,-0.0297,-0.0281,-0.0265,-0.0297,-0.0281,-0.0265,12113474
12842652,-0.005,-0.0034,-0.0018,-0.005,-0.0034,-0.0018,12842652
12455288,-0.0011,0.0005,0.0021,-0.0011,0.0005,0.0021,12455288
14073978,0.0119,0.0135,0.0151,0.0119,0.0135,0.0151,14073978
14202062,-0.008,-0.0064,-0.0048,-0.008,-0.0064,-0.0048,14202062
17226441,0.0135,0.0151,0.0167,0.0135,0.0151,0.0167,17226441
14091051,0.0037,0.0053,0.0069,0.0037,0.0053,0.0069,14091051
13891350,0.0271,0.0287,0.0303,0.0271,0.0287,0.0303,13891350
11120416,0.0149,0.0165,0.0182,0.0149,0.0165,0.0182,11120416
12643095,-0.002,-0.0003,0.0013,-0.002,-0.0003,0.0013,12643095
12238089,-0.0133,-0.0117,-0.0101,-0.0133,-0.0117,-0.0101,12238089
12473123,0.0142,0.0158,0.0174,0.0142,0.0158,0.0174,12473123
12964997,-0.0374,-0.0358,-0.0342,-0.0374,-0.0358,-0.0342,12964997
12644113,-0.0001,0.0015,0.0031,-0.0001,0.0015,0.0031,12644113
10893738,0.005,0.0067,0.0083,0.005,0.0067,0.0083,10893738
12004630,-0.0815,-0.0799,-0.0783,-0.0815,-0.0799,-0.0783,12004630
12454667,-0.0142,-0.0126,-0.0109,-0.0142,-0.0126,-0.0109,12454667
12469692,-0.0167,-0.0151,-0.0135,-0.0167,-0.0151,-0.0135,12469692
11394220,-0.0014,0.0002,0.0018,-0.0014,0.0002,0.0018,11394220
14679228,-0.0287,-0.0271,-0.0255,-0.0287,-0.0271,-0.0255,14679228
14069135,0.0004,0.002,0.0036,0.0004,0.002,0.0036,14069135
11750137,-0.0217,-0.0201,-0.0185,-0.0217,-0.0201,-0.0185,11750137
17272543,-0.0003,0.0013,0.0029,-0.0003,0.0013,0.0029,17272543
14621037,-0.0118,-0.0101,-0.0085,-0.0118,-0.0101,-0.0085,14621037
13885158,0.0142,0.0159,0.0175,0.0142,0.0159,0.0175,13885158
11594138,0.0077,0.0093,0.0109,0.0077,0.0093,0.0109,11594138
14708442,0.0342,0.0358,0.0374,0.0342,0.0358,0.0374,14708442
11741237,-0.0165,-0.0149,-0.0133,-0.0165,-0.0149,-0.0133,11741237
10996306,-0.0064,-0.0048,-0.0032,-0.0064,-0.0048,-0.0032,10996306
10737032,0.0052,0.0068,0.0084,0.0052,0.0068,0.0084,10737032
11246505,-0.0043,-0.0027,-0.0011,-0.0043,-0.0027,-0.0011,11246505
11007574,-0.0154,-0.0137,-0.0121,-0.0154,-0.0137,-0.0121,11007574
13891855,0.0032,0.0048,0.0065,0.0032,0.0048,0.0065,13891855
10807148,0.0239,0.0256,0.0272,0.0239,0.0256,0.0272,10807148
14641035,-0.002,-0.0003,0.0013,-0.002,-0.0003,0.0013,14641035
17226800,-0.0037,-0.0021,-0.0004,-0.0037,-0.0021,-0.0004,17226800
11240447,0.0027,0.0043,0.0059,0.0027,0.0043,0.0059,11240447
10895566,-0.0146,-0.013,-0.0114,-0.0146,-0.013,-0.0114,10895566
17202259,0.0222,0.0238,0.0254,0.0222,0.0238,0.0254,17202259
10880407,0.0033,0.0049,0.0065,0.0033,0.0049,0.0065,10880407
11659351,0.0007,0.0023,0.0039,0.0007,0.0023,0.0039,11659351
12390731,0.0111,0.0127,0.0144,0.0111,0.0127,0.0144,12390731
12982143,0.0211,0.0227,0.0243,0.0211,0.0227,0.0243,12982143
17252569,-0.0083,-0.0067,-0.005,-0.0083,-0.0067,-0.005,17252569
14530800,-0.0205,-0.0189,-0.0173,-0.0205,-0.0189,-0.0173,14530800
12862271,-0.023,-0.0214,-0.0198,-0.023,-0.0214,-0.0198,12862271
11532589,0.0008,0.0024,0.004,0.0008,0.0024,0.004,11532589
12780574,0.0213,0.0229,0.0245,0.0213,0.0229,0.0245,12780574
14066006,0.0069,0.0085,0.0101,0.0069,0.0085,0.0101,14066006
13026301,0.0132,0.0148,0.0164,0.0132,0.0148,0.0164,13026301
11702757,0.0283,0.0299,0.0315,0.0283,0.0299,0.0315,11702757
11060416,0.0035,0.0051,0.0067,0.0035,0.0051,0.0067,11060416
12594965,-0.0,0.0016,0.0032,-0.0,0.0016,0.0032,12594965
14507300,0.0093,0.0109,0.0125,0.0093,0.0109,0.0125,14507300
12076748,-0.0208,-0.0192,-0.0176,-0.0208,-0.0192,-0.0176,12076748
12567149,0.015,0.0166,0.0182,0.015,0.0166,0.0182,12567149
11088889,0.0058,0.0075,0.0091,0.0058,0.0075,0.0091,11088889
11947002,-0.0372,-0.0356,-0.0339,-0.0372,-0.0356,-0.0339,11947002
14310517,0.0303,0.0319,0.0336,0.0303,0.0319,0.0336,14310517
13068303,-0.0072,-0.0056,-0.004,-0.0072,-0.0056,-0.004,13068303
14434812,0.0001,0.0018,0.0034,0.0001,0.0018,0.0034,14434812
11207559,0.0016,0.0032,0.0049,0.0016,0.0032,0.0049,11207559
12483427,-0.0011,0.0005,0.0021,-0.0011,0.0005,0.0021,12483427
11537781,0.0059,0.0075,0.0091,0.0059,0.0075,0.0091,11537781
11945491,-0.0106,-0.009,-0.0073,-0.0106,-0.009,-0.0073,11945491
11945452,0.0386,0.0402,0.0418,0.0386,0.0402,0.0418,11945452
11840865,-0.0156,-0.0139,-0.0123,-0.0156,-0.0139,-0.0123,11840865
11696137,-0.0238,-0.0222,-0.0205,-0.0238,-0.0222,-0.0205,11696137
12333068,-0.0088,-0.0072,-0.0056,-0.0088,-0.0072,-0.0056,12333068
11210592,0.0129,0.0145,0.0161,0.0129,0.0145,0.0161,11210592
12766483,0.0119,0.0135,0.0151,0.0119,0.0135,0.0151,12766483
11191603,0.0287,0.0303,0.0319,0.0287,0.0303,0.0319,11191603
17232555,-0.0054,-0.0038,-0.0021,-0.0054,-0.0038,-0.0021,17232555
17105834,0.019,0.0206,0.0222,0.019,0.0206,0.0222,17105834
14736046,0.0085,0.0101,0.0117,0.0085,0.0101,0.0117,14736046
13061710,0.0053,0.0069,0.0086,0.0053,0.0069,0.0086,13061710
14160402,0.0145,0.0161,0.0177,0.0145,0.0161,0.0177,14160402
14161317,0.0096,0.0112,0.0128,0.0096,0.0112,0.0128,14161317
14159542,0.0073,0.0089,0.0105,0.0073,0.0089,0.0105,14159542
11712463,0.0165,0.0181,0.0198,0.0165,0.0181,0.0198,11712463
11074225,-0.0024,-0.0008,0.0008,-0.0024,-0.0008,0.0008,11074225
12061339,-0.0058,-0.0042,-0.0026,-0.0058,-0.0042,-0.0026,12061339
12061151,0.0134,0.015,0.0166,0.0134,0.015,0.0166,12061151
11170382,-0.0133,-0.0117,-0.0101,-0.0133,-0.0117,-0.0101,11170382
12384587,-0.0038,-0.0022,-0.0005,-0.0038,-0.0022,-0.0005,12384587
12860573,-0.0078,-0.0062,-0.0046,-0.0078,-0.0062,-0.0046,12860573
12576624,-0.0114,-0.0098,-0.0082,-0.0114,-0.0098,-0.0082,12576624
10756010,-0.0018,-0.0002,0.0014,-0.0018,-0.0002,0.0014,10756010
11711123,0.0044,0.006,0.0077,0.0044,0.006,0.0077,11711123
12583261,-0.0274,-0.0258,-0.0242,-0.0274,-0.0258,-0.0242,12583261
11327631,-0.0373,-0.0356,-0.034,-0.0373,-0.0356,-0.034,11327631
11709883,0.0078,0.0094,0.011,0.0078,0.0094,0.011,11709883
14742582,0.0095,0.0112,0.0128,0.0095,0.0112,0.0128,14742582
17171828,0.0438,0.0454,0.047,0.0438,0.0454,0.047,17171828
11830066,-0.0567,-0.0551,-0.0534,-0.0567,-0.0551,-0.0534,11830066
11463161,0.0031,0.0047,0.0063,0.0031,0.0047,0.0063,11463161
12366236,-0.0761,-0.0744,-0.0728,-0.0761,-0.0744,-0.0728,12366236
11082807,-0.024,-0.0224,-0.0208,-0.024,-0.0224,-0.0208,11082807
11757507,-0.024,-0.0224,-0.0207,-0.024,-0.0224,-0.0207,11757507
11719164,-0.0051,-0.0035,-0.0019,-0.0051,-0.0035,-0.0019,11719164
11960355,-0.0153,-0.0136,-0.012,-0.0153,-0.0136,-0.012,11960355
17209989,-0.0018,-0.0001,0.0015,-0.0018,-0.0001,0.0015,17209989
14313550,0.0332,0.0348,0.0365,0.0332,0.0348,0.0365,14313550
10839804,0.11,0.1116,0.1132,0.11,0.1116,0.1132,10839804
12569823,-0.0065,-0.0048,-0.0032,-0.0065,-0.0048,-0.0032,12569823
10839224,0.1031,0.1048,0.1064,0.1031,0.1048,0.1064,10839224
12447938,-0.018,-0.0164,-0.0148,-0.018,-0.0164,-0.0148,12447938
13018435,0.0241,0.0257,0.0273,0.0241,0.0257,0.0273,13018435
11094371,0.0566,0.0582,0.0598,0.0566,0.0582,0.0598,11094371
11548973,-0.0029,-0.0013,0.0003,-0.0029,-0.0013,0.0003,11548973
14685821,-0.0031,-0.0014,0.0002,-0.0031,-0.0014,0.0002,14685821
14448665,-0.0016,-0.0,0.0016,-0.0016,-0.0,0.0016,14448665
14118520,0.0098,0.0114,0.013,0.0098,0.0114,0.013,14118520
12095630,0.0233,0.025,0.0266,0.0233,0.025,0.0266,12095630
12614428,0.0152,0.0168,0.0184,0.0152,0.0168,0.0184,12614428
10864293,0.0245,0.0262,0.0278,0.0245,0.0262,0.0278,10864293
11186988,0.0183,0.0199,0.0215,0.0183,0.0199,0.0215,11186988
14297635,0.0225,0.0241,0.0257,0.0225,0.0241,0.0257,14297635
14604326,0.0022,0.0038,0.0054,0.0022,0.0038,0.0054,14604326
13840974,-0.0108,-0.0092,-0.0076,-0.0108,-0.0092,-0.0076,13840974
11031921,-0.0082,-0.0066,-0.005,-0.0082,-0.0066,-0.005,11031921
14496938,0.0213,0.0229,0.0245,0.0213,0.0229,0.0245,14496938
12097784,-0.0307,-0.0291,-0.0274,-0.0307,-0.0291,-0.0274,12097784
14343698,-0.0045,-0.0029,-0.0013,-0.0045,-0.0029,-0.0013,14343698
12867969,0.0013,0.0029,0.0045,0.0013,0.0029,0.0045,12867969
14111931,0.0087,0.0103,0.0119,0.0087,0.0103,0.0119,14111931
12100614,-0.0075,-0.0059,-0.0042,-0.0075,-0.0059,-0.0042,12100614
12985635,0.0125,0.0141,0.0157,0.0125,0.0141,0.0157,12985635
11229204,-0.1513,-0.1497,-0.1481,-0.1513,-0.1497,-0.1481,11229204
13850164,-0.0458,-0.0442,-0.0426,-0.0458,-0.0442,-0.0426,13850164
13856560,-0.0456,-0.0439,-0.0423,-0.0456,-0.0439,-0.0423,13856560
11678644,-0.1044,-0.1028,-0.1012,-0.1044,-0.1028,-0.1012,11678644
14728726,0.01,0.0116,0.0133,0.01,0.0116,0.0133,14728726
12011640,-0.0023,-0.0007,0.0009,-0.0023,-0.0007,0.0009,12011640
10870371,0.0022,0.0038,0.0054,0.0022,0.0038,0.0054,10870371
12287390,0.0022,0.0038,0.0054,0.0022,0.0038,0.0054,12287390
14104385,0.0225,0.0241,0.0258,0.0225,0.0241,0.0258,14104385
12828541,0.0527,0.0544,0.056,0.0527,0.0544,0.056,12828541
14686077,-0.0085,-0.0068,-0.0052,-0.0085,-0.0068,-0.0052,14686077
14687603,0.01,0.0116,0.0132,0.01,0.0116,0.0132,14687603
13004684,0.0259,0.0275,0.0291,0.0259,0.0275,0.0291,13004684
11495925,-0.0268,-0.0252,-0.0236,-0.0268,-0.0252,-0.0236,11495925
11047246,-0.0023,-0.0007,0.0009,-0.0023,-0.0007,0.0009,11047246
13015746,0.0184,0.02,0.0217,0.0184,0.02,0.0217,13015746
14663714,-0.0296,-0.028,-0.0264,-0.0296,-0.028,-0.0264,14663714
12920545,0.0042,0.0059,0.0075,0.0042,0.0059,0.0075,12920545
14602457,0.003,0.0046,0.0062,0.003,0.0046,0.0062,14602457
12939969,0.0146,0.0163,0.0179,0.0146,0.0163,0.0179,12939969
12759574,0.0176,0.0192,0.0208,0.0176,0.0192,0.0208,12759574
14446998,0.0041,0.0057,0.0074,0.0041,0.0057,0.0074,14446998
14219543,0.0042,0.0058,0.0074,0.0042,0.0058,0.0074,14219543
13088597,-0.0032,-0.0016,0.0,-0.0032,-0.0016,0.0,13088597
11499071,-0.014,-0.0124,-0.0108,-0.014,-0.0124,-0.0108,11499071
12758851,0.0631,0.0647,0.0664,0.0631,0.0647,0.0664,12758851
12325153,0.0131,0.0147,0.0163,0.0131,0.0147,0.0163,12325153
12324895,-0.0011,0.0005,0.0021,-0.0011,0.0005,0.0021,12324895
17243641,-0.0022,-0.0006,0.001,-0.0022,-0.0006,0.001,17243641
11941213,-0.0969,-0.0953,-0.0937,-0.0969,-0.0953,-0.0937,11941213
12609176,0.008,0.0096,0.0112,0.008,0.0096,0.0112,12609176
11317322,-0.0017,-0.0,0.0016,-0.0017,-0.0,0.0016,11317322
10860946,0.0007,0.0024,0.004,0.0007,0.0024,0.004,10860946
12045389,0.0066,0.0082,0.0098,0.0066,0.0082,0.0098,12045389
14181542,-0.0011,0.0005,0.0022,-0.0011,0.0005,0.0022,14181542
11546051,0.0343,0.0359,0.0375,0.0343,0.0359,0.0375,11546051
10805689,0.0209,0.0225,0.0241,0.0209,0.0225,0.0241,10805689
12320257,-0.0067,-0.0051,-0.0035,-0.0067,-0.0051,-0.0035,12320257
11041746,0.0173,0.0189,0.0205,0.0173,0.0189,0.0205,11041746
17260292,-0.0002,0.0014,0.003,-0.0002,0.0014,0.003,17260292
14338816,0.0019,0.0035,0.0051,0.0019,0.0035,0.0051,14338816
12915862,0.016,0.0176,0.0192,0.016,0.0176,0.0192,12915862
10805692,0.0135,0.0151,0.0167,0.0135,0.0151,0.0167,10805692
12819525,0.0171,0.0187,0.0203,0.0171,0.0187,0.0203,12819525
11687100,-0.0572,-0.0556,-0.054,-0.0572,-0.0556,-0.054,11687100
12957131,-0.0769,-0.0753,-0.0737,-0.0769,-0.0753,-0.0737,12957131
12137364,-0.0315,-0.0299,-0.0283,-0.0315,-0.0299,-0.0283,12137364
11885914,0.0518,0.0534,0.055,0.0518,0.0534,0.055,11885914
12710764,0.0384,0.04,0.0416,0.0384,0.04,0.0416,12710764
11908948,0.0127,0.0144,0.016,0.0127,0.0144,0.016,11908948
12001726,0.0126,0.0143,0.0159,0.0126,0.0143,0.0159,12001726
12212533,0.0635,0.0651,0.0667,0.0635,0.0651,0.0667,12212533
11903377,0.0185,0.0201,0.0218,0.0185,0.0201,0.0218,11903377
12675095,-0.0191,-0.0175,-0.0159,-0.0191,-0.0175,-0.0159,12675095
11656905,-0.0061,-0.0045,-0.0029,-0.0061,-0.0045,-0.0029,11656905
13947548,0.0008,0.0024,0.004,0.0008,0.0024,0.004,13947548
11634189,0.0083,0.01,0.0116,0.0083,0.01,0.0116,11634189
12219524,-0.0149,-0.0133,-0.0117,-0.0149,-0.0133,-0.0117,12219524
11890296,-0.009,-0.0074,-0.0058,-0.009,-0.0074,-0.0058,11890296
17116334,-0.0077,-0.0061,-0.0045,-0.0077,-0.0061,-0.0045,17116334
12684286,-0.0002,0.0014,0.003,-0.0002,0.0014,0.003,12684286
13975959,0.0097,0.0113,0.0129,0.0097,0.0113,0.0129,13975959
14382837,0.007,0.0086,0.0102,0.007,0.0086,0.0102,14382837
12191628,0.0219,0.0235,0.0252,0.0219,0.0235,0.0252,12191628
10728399,0.0084,0.01,0.0116,0.0084,0.01,0.0116,10728399
11618065,0.0042,0.0058,0.0074,0.0042,0.0058,0.0074,11618065
13968748,0.0329,0.0345,0.0362,0.0329,0.0345,0.0362,13968748
14056841,0.0102,0.0118,0.0134,0.0102,0.0118,0.0134,14056841
12687179,-0.0059,-0.0043,-0.0027,-0.0059,-0.0043,-0.0027,12687179
11267334,-0.0239,-0.0223,-0.0207,-0.0239,-0.0223,-0.0207,11267334
14006983,-0.0007,0.0009,0.0025,-0.0007,0.0009,0.0025,14006983
14264899,0.0124,0.014,0.0156,0.0124,0.014,0.0156,14264899
10954606,0.0305,0.0321,0.0337,0.0305,0.0321,0.0337,10954606
14030664,0.0548,0.0564,0.058,0.0548,0.0564,0.058,14030664
14716372,0.0033,0.0049,0.0065,0.0033,0.0049,0.0065,14716372
10902690,0.0041,0.0057,0.0073,0.0041,0.0057,0.0073,10902690
12687504,0.0007,0.0023,0.0039,0.0007,0.0023,0.0039,12687504
14717556,-0.0076,-0.006,-0.0044,-0.0076,-0.006,-0.0044,14717556
17055852,-0.0029,-0.0012,0.0004,-0.0029,-0.0012,0.0004,17055852
10933323,-0.0326,-0.031,-0.0294,-0.0326,-0.031,-0.0294,10933323
11898674,-0.0023,-0.0007,0.0009,-0.0023,-0.0007,0.0009,11898674
11886906,0.0338,0.0355,0.0371,0.0338,0.0355,0.0371,11886906
12684085,0.0302,0.0318,0.0334,0.0302,0.0318,0.0334,12684085
14616139,-0.0153,-0.0137,-0.0121,-0.0153,-0.0137,-0.0121,14616139
11994703,-0.0265,-0.0248,-0.0232,-0.0265,-0.0248,-0.0232,11994703
14417404,0.0084,0.01,0.0116,0.0084,0.01,0.0116,14417404
11779346,0.0082,0.0098,0.0114,0.0082,0.0098,0.0114,11779346
12227848,0.0396,0.0412,0.0428,0.0396,0.0412,0.0428,12227848
17285630,0.022,0.0236,0.0252,0.022,0.0236,0.0252,17285630
13945053,-0.019,-0.0173,-0.0157,-0.019,-0.0173,-0.0157,13945053
12185514,-0.0039,-0.0023,-0.0007,-0.0039,-0.0023,-0.0007,12185514
11644320,0.0117,0.0133,0.0149,0.0117,0.0133,0.0149,11644320
10968472,-0.0086,-0.0069,-0.0053,-0.0086,-0.0069,-0.0053,10968472
11626960,-0.0008,0.0008,0.0024,-0.0008,0.0008,0.0024,11626960
14000144,0.017,0.0186,0.0202,0.017,0.0186,0.0202,14000144
14458350,0.0032,0.0049,0.0065,0.0032,0.0049,0.0065,14458350
12222991,-0.0755,-0.0739,-0.0723,-0.0755,-0.0739,-0.0723,12222991
14744376,-0.01,-0.0084,-0.0068,-0.01,-0.0084,-0.0068,14744376
14390486,0.0087,0.0103,0.0119,0.0087,0.0103,0.0119,14390486
12692473,0.0233,0.0249,0.0266,0.0233,0.0249,0.0266,12692473
11606616,0.0056,0.0072,0.0088,0.0056,0.0072,0.0088,11606616
12666369,0.0014,0.003,0.0046,0.0014,0.003,0.0046,12666369
11616509,0.0019,0.0035,0.0051,0.0019,0.0035,0.0051,11616509
12206553,-0.0075,-0.0059,-0.0043,-0.0075,-0.0059,-0.0043,12206553
11620624,0.0105,0.0121,0.0137,0.0105,0.0121,0.0137,11620624
10792574,-0.0511,-0.0495,-0.0478,-0.0511,-0.0495,-0.0478,10792574
10905399,-0.011,-0.0094,-0.0077,-0.011,-0.0094,-0.0077,10905399
17112436,-0.0022,-0.0005,0.0011,-0.0022,-0.0005,0.0011,17112436
11600569,0.0353,0.037,0.0386,0.0353,0.037,0.0386,11600569
10936510,0.0441,0.0457,0.0473,0.0441,0.0457,0.0473,10936510
11259733,0.0026,0.0042,0.0059,0.0026,0.0042,0.0059,11259733
14016074,0.0152,0.0168,0.0184,0.0152,0.0168,0.0184,14016074
17191384,0.024,0.0256,0.0272,0.024,0.0256,0.0272,17191384
14613040,0.0051,0.0067,0.0083,0.0051,0.0067,0.0083,14613040
14696697,-0.0054,-0.0037,-0.0021,-0.0054,-0.0037,-0.0021,14696697
12695528,0.012,0.0136,0.0153,0.012,0.0136,0.0153,12695528
11212802,0.0163,0.0179,0.0195,0.0163,0.0179,0.0195,11212802
11046542,0.0072,0.0088,0.0104,0.0072,0.0088,0.0104,11046542
14270051,0.0167,0.0183,0.02,0.0167,0.0183,0.02,14270051
10833932,0.0018,0.0035,0.0051,0.0018,0.0035,0.0051,10833932
10726368,-0.0058,-0.0042,-0.0026,-0.0058,-0.0042,-0.0026,10726368
11941611,-0.0813,-0.0797,-0.0781,-0.0813,-0.0797,-0.0781,11941611
14369364,-0.0006,0.001,0.0026,-0.0006,0.001,0.0026,14369364
10933058,-0.0348,-0.0332,-0.0316,-0.0348,-0.0332,-0.0316,10933058
14297659,-0.0108,-0.0092,-0.0076,-0.0108,-0.0092,-0.0076,14297659
12608384,0.0158,0.0174,0.019,0.0158,0.0174,0.019,12608384
13872929,-0.0564,-0.0547,-0.0531,-0.0564,-0.0547,-0.0531,13872929
14238710,0.0037,0.0053,0.0069,0.0037,0.0053,0.0069,14238710
12710013,0.062,0.0636,0.0652,0.062,0.0636,0.0652,12710013
11172525,-0.001,0.0006,0.0022,-0.001,0.0006,0.0022,11172525
11651686,0.0686,0.0703,0.0719,0.0686,0.0703,0.0719,11651686
11399588,0.0123,0.0139,0.0155,0.0123,0.0139,0.0155,11399588
12273348,0.0288,0.0304,0.032,0.0288,0.0304,0.032,12273348
12577041,0.0127,0.0144,0.016,0.0127,0.0144,0.016,12577041
17269974,0.0114,0.013,0.0147,0.0114,0.013,0.0147,17269974
14216846,0.0066,0.0082,0.0099,0.0066,0.0082,0.0099,14216846
12871361,0.0051,0.0067,0.0083,0.0051,0.0067,0.0083,12871361
12988908,0.0421,0.0437,0.0453,0.0421,0.0437,0.0453,12988908
12190264,-0.0116,-0.0099,-0.0083,-0.0116,-0.0099,-0.0083,12190264
12085145,0.0085,0.0101,0.0117,0.0085,0.0101,0.0117,12085145
14231798,-0.0041,-0.0025,-0.0009,-0.0041,-0.0025,-0.0009,14231798
12265617,-0.0067,-0.0051,-0.0035,-0.0067,-0.0051,-0.0035,12265617
12084809,0.0392,0.0409,0.0425,0.0392,0.0409,0.0425,12084809
12899850,0.0198,0.0215,0.0231,0.0198,0.0215,0.0231,12899850
14316448,-0.0267,-0.0251,-0.0234,-0.0267,-0.0251,-0.0234,14316448
11455214,0.0153,0.0169,0.0186,0.0153,0.0169,0.0186,11455214
12201980,-0.0514,-0.0498,-0.0482,-0.0514,-0.0498,-0.0482,12201980
11572798,0.052,0.0536,0.0552,0.052,0.0536,0.0552,11572798
11304161,-0.0101,-0.0084,-0.0068,-0.0101,-0.0084,-0.0068,11304161
12054651,0.0242,0.0258,0.0274,0.0242,0.0258,0.0274,12054651
17080594,0.0034,0.005,0.0066,0.0034,0.005,0.0066,17080594
11109235,0.0174,0.019,0.0206,0.0174,0.019,0.0206,11109235
14635473,-0.0092,-0.0075,-0.0059,-0.0092,-0.0075,-0.0059,14635473
17149648,0.0135,0.0151,0.0167,0.0135,0.0151,0.0167,17149648
14192576,-0.0029,-0.0012,0.0004,-0.0029,-0.0012,0.0004,14192576
14490801,0.0056,0.0072,0.0088,0.0056,0.0072,0.0088,14490801
14669425,0.0064,0.0081,0.0097,0.0064,0.0081,0.0097,14669425
12562286,0.0711,0.0727,0.0743,0.0711,0.0727,0.0743,12562286
12093481,0.0206,0.0222,0.0238,0.0206,0.0222,0.0238,12093481
14335184,-0.0343,-0.0327,-0.0311,-0.0343,-0.0327,-0.0311,14335184
17197897,0.0097,0.0113,0.0129,0.0097,0.0113,0.0129,17197897
12203672,-0.0226,-0.021,-0.0194,-0.0226,-0.021,-0.0194,12203672
14296555,-0.1523,-0.1507,-0.1491,-0.1523,-0.1507,-0.1491,14296555
12557553,0.0102,0.0118,0.0134,0.0102,0.0118,0.0134,12557553
14729085,-0.0356,-0.034,-0.0323,-0.0356,-0.034,-0.0323,14729085
12216283,0.0096,0.0112,0.0129,0.0096,0.0112,0.0129,12216283
11669507,-0.0251,-0.0234,-0.0218,-0.0251,-0.0234,-0.0218,11669507
12207600,-0.0604,-0.0588,-0.0572,-0.0604,-0.0588,-0.0572,12207600
11194389,0.0074,0.009,0.0106,0.0074,0.009,0.0106,11194389
11726202,0.0048,0.0065,0.0081,0.0048,0.0065,0.0081,11726202
12019094,0.009,0.0106,0.0122,0.009,0.0106,0.0122,12019094
13998755,0.0027,0.0043,0.0059,0.0027,0.0043,0.0059,13998755
12062283,0.0343,0.0359,0.0376,0.0343,0.0359,0.0376,12062283
12529831,-0.0149,-0.0133,-0.0117,-0.0149,-0.0133,-0.0117,12529831
11733280,-0.0034,-0.0018,-0.0002,-0.0034,-0.0018,-0.0002,11733280
10965125,-0.0314,-0.0298,-0.0282,-0.0314,-0.0298,-0.0282,10965125
12060270,0.0321,0.0337,0.0353,0.0321,0.0337,0.0353,12060270
11215822,0.0228,0.0244,0.0261,0.0228,0.0244,0.0261,11215822
12431033,-0.0121,-0.0105,-0.0089,-0.0121,-0.0105,-0.0089,12431033
12911343,0.0079,0.0095,0.0111,0.0079,0.0095,0.0111,12911343
17243434,0.0058,0.0074,0.009,0.0058,0.0074,0.009,17243434
12428562,-0.0034,-0.0018,-0.0002,-0.0034,-0.0018,-0.0002,12428562
11561423,0.0306,0.0322,0.0339,0.0306,0.0322,0.0339,11561423
14271240,-0.0023,-0.0007,0.0009,-0.0023,-0.0007,0.0009,14271240
11307414,0.01,0.0116,0.0132,0.01,0.0116,0.0132,11307414
11995225,-0.0144,-0.0128,-0.0112,-0.0144,-0.0128,-0.0112,11995225
11018310,-0.0138,-0.0122,-0.0106,-0.0138,-0.0122,-0.0106,11018310
11173100,-0.0916,-0.09,-0.0884,-0.0916,-0.09,-0.0884,11173100
17212494,0.0048,0.0064,0.008,0.0048,0.0064,0.008,17212494
14043156,0.0213,0.0229,0.0246,0.0213,0.0229,0.0246,14043156
11466276,0.0031,0.0047,0.0063,0.0031,0.0047,0.0063,11466276
11188742,0.001,0.0026,0.0042,0.001,0.0026,0.0042,11188742
12858481,-0.0658,-0.0642,-0.0626,-0.0658,-0.0642,-0.0626,12858481
12743839,0.0205,0.0221,0.0238,0.0205,0.0221,0.0238,12743839
11453603,0.0617,0.0633,0.065,0.0617,0.0633,0.065,11453603
12525823,0.0013,0.0029,0.0046,0.0013,0.0029,0.0046,12525823
17280214,-0.0101,-0.0085,-0.0068,-0.0101,-0.0085,-0.0068,17280214
12753214,0.0209,0.0225,0.0241,0.0209,0.0225,0.0241,12753214
12876918,-0.003,-0.0014,0.0002,-0.003,-0.0014,0.0002,12876918
12101401,-0.0078,-0.0062,-0.0046,-0.0078,-0.0062,-0.0046,12101401
10869690,0.0236,0.0252,0.0268,0.0236,0.0252,0.0268,10869690
14382755,0.0007,0.0024,0.004,0.0007,0.0024,0.004,14382755
11498745,-0.0661,-0.0645,-0.0629,-0.0661,-0.0645,-0.0629,11498745
14346375,0.0038,0.0054,0.007,0.0038,0.0054,0.007,14346375
12935277,0.0241,0.0257,0.0274,0.0241,0.0257,0.0274,12935277
10939671,0.0616,0.0632,0.0648,0.0616,0.0632,0.0648,10939671
11172847,0.0187,0.0203,0.0219,0.0187,0.0203,0.0219,11172847
10757067,0.003,0.0046,0.0063,0.003,0.0046,0.0063,10757067
11497751,-0.0041,-0.0024,-0.0008,-0.0041,-0.0024,-0.0008,11497751
10869903,0.0261,0.0277,0.0293,0.0261,0.0277,0.0293,10869903
13096901,0.0132,0.0148,0.0164,0.0132,0.0148,0.0164,13096901
14754630,-0.0056,-0.004,-0.0024,-0.0056,-0.004,-0.0024,14754630
14671984,-0.0031,-0.0015,0.0001,-0.0031,-0.0015,0.0001,14671984
11609388,0.0093,0.0109,0.0125,0.0093,0.0109,0.0125,11609388
12511759,-0.0045,-0.0029,-0.0013,-0.0045,-0.0029,-0.0013,12511759
17112764,0.0056,0.0072,0.0088,0.0056,0.0072,0.0088,17112764
14167502,-0.0077,-0.0061,-0.0045,-0.0077,-0.0061,-0.0045,14167502
11752546,-0.0188,-0.0172,-0.0156,-0.0188,-0.0172,-0.0156,11752546
12283914,0.0187,0.0203,0.0219,0.0187,0.0203,0.0219,12283914
12998599,0.0067,0.0083,0.0099,0.0067,0.0083,0.0099,12998599
13012838,-0.006,-0.0044,-0.0028,-0.006,-0.0044,-0.0028,13012838
11296456,-0.0199,-0.0182,-0.0166,-0.0199,-0.0182,-0.0166,11296456
12100991,0.0007,0.0023,0.0039,0.0007,0.0023,0.0039,12100991
11611867,-0.0493,-0.0477,-0.0461,-0.0493,-0.0477,-0.0461,11611867
13093014,0.0127,0.0144,0.016,0.0127,0.0144,0.016,13093014
10764818,0.0055,0.0072,0.0088,0.0055,0.0072,0.0088,10764818
14501045,0.0148,0.0164,0.018,0.0148,0.0164,0.018,14501045
13983419,-0.0176,-0.016,-0.0144,-0.0176,-0.016,-0.0144,13983419
12100973,-0.0187,-0.0171,-0.0155,-0.0187,-0.0171,-0.0155,12100973
11495019,-0.0175,-0.0159,-0.0143,-0.0175,-0.0159,-0.0143,11495019
11096107,-0.0025,-0.0009,0.0007,-0.0025,-0.0009,0.0007,11096107
17094721,0.0146,0.0162,0.0178,0.0146,0.0162,0.0178,17094721
11752212,-0.0007,0.0009,0.0026,-0.0007,0.0009,0.0026,11752212
11926273,0.058,0.0596,0.0612,0.058,0.0596,0.0612,11926273
14762478,0.0138,0.0154,0.017,0.0138,0.0154,0.017,14762478
11854559,-0.0084,-0.0068,-0.0052,-0.0084,-0.0068,-0.0052,11854559
11794295,-0.0093,-0.0077,-0.0061,-0.0093,-0.0077,-0.0061,11794295
12188853,0.0688,0.0704,0.072,0.0688,0.0704,0.072,12188853
11941481,-0.0913,-0.0896,-0.088,-0.0913,-0.0896,-0.088,11941481
14622935,-0.0052,-0.0036,-0.002,-0.0052,-0.0036,-0.002,14622935
11926577,0.0333,0.035,0.0366,0.0333,0.035,0.0366,11926577
11188262,-0.036,-0.0344,-0.0328,-0.036,-0.0344,-0.0328,11188262
11559030,0.0293,0.0309,0.0325,0.0293,0.0309,0.0325,11559030
14627670,0.0036,0.0052,0.0068,0.0036,0.0052,0.0068,14627670
14344674,0.0212,0.0228,0.0244,0.0212,0.0228,0.0244,14344674
11161723,-0.015,-0.0134,-0.0118,-0.015,-0.0134,-0.0118,11161723
12910808,0.0208,0.0224,0.024,0.0208,0.0224,0.024,12910808
12320974,-0.0234,-0.0218,-0.0201,-0.0234,-0.0218,-0.0201,12320974
13035424,0.0446,0.0462,0.0478,0.0446,0.0462,0.0478,13035424
12671961,0.007,0.0086,0.0102,0.007,0.0086,0.0102,12671961
12088869,-0.0254,-0.0238,-0.0222,-0.0254,-0.0238,-0.0222,12088869
12660669,0.0043,0.006,0.0076,0.0043,0.006,0.0076,12660669
11691651,-0.0004,0.0012,0.0029,-0.0004,0.0012,0.0029,11691651
12105506,-0.0172,-0.0156,-0.014,-0.0172,-0.0156,-0.014,12105506
11345150,-0.008,-0.0063,-0.0047,-0.008,-0.0063,-0.0047,11345150
11101949,0.01,0.0116,0.0133,0.01,0.0116,0.0133,11101949
12105792,-0.0404,-0.0388,-0.0372,-0.0404,-0.0388,-0.0372,12105792
11317309,-0.0222,-0.0206,-0.019,-0.0222,-0.0206,-0.019,11317309
10805719,0.0201,0.0217,0.0234,0.0201,0.0217,0.0234,10805719
13938304,0.0124,0.014,0.0156,0.0124,0.014,0.0156,13938304
11996529,0.0002,0.0018,0.0034,0.0002,0.0018,0.0034,11996529
11448561,0.0106,0.0123,0.0139,0.0106,0.0123,0.0139,11448561
12810881,0.0062,0.0079,0.0095,0.0062,0.0079,0.0095,12810881
10738858,0.0145,0.0161,0.0177,0.0145,0.0161,0.0177,10738858
12696443,0.0512,0.0528,0.0544,0.0512,0.0528,0.0544,12696443
11547099,-0.0127,-0.011,-0.0094,-0.0127,-0.011,-0.0094,11547099
13901033,0.0476,0.0492,0.0509,0.0476,0.0492,0.0509,13901033
10864891,0.0023,0.0039,0.0055,0.0023,0.0039,0.0055,10864891
12048008,-0.0049,-0.0033,-0.0017,-0.0049,-0.0033,-0.0017,12048008
11751312,-0.0217,-0.0201,-0.0185,-0.0217,-0.0201,-0.0185,11751312
10803779,0.0189,0.0205,0.0221,0.0189,0.0205,0.0221,10803779
12170610,-0.0215,-0.0199,-0.0182,-0.0215,-0.0199,-0.0182,12170610
13059140,-0.0567,-0.0551,-0.0535,-0.0567,-0.0551,-0.0535,13059140
10800361,0.0122,0.0138,0.0154,0.0122,0.0138,0.0154,10800361
11149098,0.0087,0.0103,0.0119,0.0087,0.0103,0.0119,11149098
13904025,0.0055,0.0071,0.0087,0.0055,0.0071,0.0087,13904025
14624389,-0.0077,-0.0061,-0.0044,-0.0077,-0.0061,-0.0044,14624389
14474580,-0.0088,-0.0072,-0.0056,-0.0088,-0.0072,-0.0056,14474580
11116177,-0.0006,0.001,0.0026,-0.0006,0.001,0.0026,11116177
14462214,0.0072,0.0088,0.0105,0.0072,0.0088,0.0105,14462214
14484197,0.01,0.0116,0.0132,0.01,0.0116,0.0132,14484197
11554596,0.0183,0.02,0.0216,0.0183,0.02,0.0216,11554596
10731733,0.0037,0.0053,0.0069,0.0037,0.0053,0.0069,10731733
12597649,-0.0091,-0.0075,-0.0059,-0.0091,-0.0075,-0.0059,12597649
14719288,0.0169,0.0185,0.0202,0.0169,0.0185,0.0202,14719288
14677191,-0.0817,-0.0801,-0.0785,-0.0817,-0.0801,-0.0785,14677191
14038811,-0.0005,0.0011,0.0027,-0.0005,0.0011,0.0027,14038811
13990013,-0.0183,-0.0166,-0.015,-0.0183,-0.0166,-0.015,13990013
11949447,0.0239,0.0256,0.0272,0.0239,0.0256,0.0272,11949447
12968167,-0.0058,-0.0042,-0.0026,-0.0058,-0.0042,-0.0026,12968167
14203317,-0.0012,0.0004,0.002,-0.0012,0.0004,0.002,14203317
14005398,0.0145,0.0161,0.0177,0.0145,0.0161,0.0177,14005398
12456617,0.001,0.0026,0.0042,0.001,0.0026,0.0042,12456617
14676549,0.0009,0.0025,0.0041,0.0009,0.0025,0.0041,14676549
12456685,-0.0173,-0.0157,-0.0141,-0.0173,-0.0157,-0.0141,12456685
12456978,-0.0076,-0.006,-0.0043,-0.0076,-0.006,-0.0043,12456978
14429624,0.0014,0.0031,0.0047,0.0014,0.0031,0.0047,14429624
11054462,-0.0103,-0.0087,-0.0071,-0.0103,-0.0087,-0.0071,11054462
13921191,0.0009,0.0025,0.0041,0.0009,0.0025,0.0041,13921191
11598844,0.0213,0.0229,0.0245,0.0213,0.0229,0.0245,11598844
14680318,-0.041,-0.0394,-0.0378,-0.041,-0.0394,-0.0378,14680318
10798182,-0.005,-0.0034,-0.0018,-0.005,-0.0034,-0.0018,10798182
11655826,-0.1105,-0.1089,-0.1073,-0.1105,-0.1089,-0.1073,11655826
11292127,-0.0345,-0.0328,-0.0312,-0.0345,-0.0328,-0.0312,11292127
17091815,0.0021,0.0037,0.0053,0.0021,0.0037,0.0053,17091815
12408625,0.0046,0.0062,0.0078,0.0046,0.0062,0.0078,12408625
12548094,-0.0152,-0.0136,-0.012,-0.0152,-0.0136,-0.012,12548094
10742245,0.0141,0.0157,0.0173,0.0141,0.0157,0.0173,10742245
12880784,0.0064,0.008,0.0097,0.0064,0.008,0.0097,12880784
12679414,0.0201,0.0217,0.0233,0.0201,0.0217,0.0233,12679414
12856806,-0.0096,-0.0079,-0.0063,-0.0096,-0.0079,-0.0063,12856806
13913571,-0.0278,-0.0262,-0.0246,-0.0278,-0.0262,-0.0246,13913571
13924623,0.014,0.0156,0.0172,0.014,0.0156,0.0172,13924623
12679490,0.016,0.0176,0.0192,0.016,0.0176,0.0192,12679490
12902876,0.0083,0.0099,0.0115,0.0083,0.0099,0.0115,12902876
11322864,-0.039,-0.0373,-0.0357,-0.039,-0.0373,-0.0357,11322864
11005771,0.0083,0.01,0.0116,0.0083,0.01,0.0116,11005771
10981277,0.0129,0.0145,0.0161,0.0129,0.0145,0.0161,10981277
11059917,-0.0055,-0.0038,-0.0022,-0.0055,-0.0038,-0.0022,11059917
10909953,0.0069,0.0086,0.0102,0.0069,0.0086,0.0102,10909953
12072183,0.0104,0.012,0.0136,0.0104,0.012,0.0136,12072183
12955502,-0.0064,-0.0048,-0.0032,-0.0064,-0.0048,-0.0032,12955502
12022192,-0.0178,-0.0162,-0.0146,-0.0178,-0.0162,-0.0146,12022192
12882330,0.0042,0.0058,0.0074,0.0042,0.0058,0.0074,12882330
12898754,-0.0223,-0.0207,-0.019,-0.0223,-0.0207,-0.019,12898754
13917048,-0.0093,-0.0077,-0.0061,-0.0093,-0.0077,-0.0061,13917048
12648647,0.0098,0.0114,0.0131,0.0098,0.0114,0.0131,12648647
10985618,-0.0031,-0.0014,0.0002,-0.0031,-0.0014,0.0002,10985618
13066113,-0.0154,-0.0137,-0.0121,-0.0154,-0.0137,-0.0121,13066113
14210314,-0.0089,-0.0073,-0.0057,-0.0089,-0.0073,-0.0057,14210314
14074219,0.0154,0.017,0.0186,0.0154,0.017,0.0186,14074219
14206820,-0.0058,-0.0042,-0.0025,-0.0058,-0.0042,-0.0025,14206820
12964959,-0.0012,0.0004,0.002,-0.0012,0.0004,0.002,12964959
11951158,-0.0183,-0.0167,-0.0151,-0.0183,-0.0167,-0.0151,11951158
10814025,-0.0227,-0.0211,-0.0194,-0.0227,-0.0211,-0.0194,10814025
14601214,-0.001,0.0007,0.0023,-0.001,0.0007,0.0023,14601214
10894658,0.0272,0.0288,0.0304,0.0272,0.0288,0.0304,10894658
10979059,-0.0113,-0.0097,-0.0081,-0.0113,-0.0097,-0.0081,10979059
14327637,-0.0866,-0.085,-0.0833,-0.0866,-0.085,-0.0833,14327637
11622126,-0.1543,-0.1527,-0.151,-0.1543,-0.1527,-0.151,11622126
11530267,0.045,0.0466,0.0482,0.045,0.0466,0.0482,11530267
12652149,0.0204,0.022,0.0236,0.0204,0.022,0.0236,12652149
11474588,0.0248,0.0264,0.028,0.0248,0.0264,0.028,11474588
12461109,0.0011,0.0027,0.0043,0.0011,0.0027,0.0043,12461109
11685457,0.0277,0.0294,0.031,0.0277,0.0294,0.031,11685457
12778506,0.0085,0.0102,0.0118,0.0085,0.0102,0.0118,12778506
17224353,-0.0036,-0.002,-0.0004,-0.0036,-0.002,-0.0004,17224353
14668326,-0.023,-0.0214,-0.0198,-0.023,-0.0214,-0.0198,14668326
11286298,-0.0529,-0.0513,-0.0496,-0.0529,-0.0513,-0.0496,11286298
12860873,-0.0187,-0.017,-0.0154,-0.0187,-0.017,-0.0154,12860873
11330994,-0.0262,-0.0245,-0.0229,-0.0262,-0.0245,-0.0229,11330994
11602441,-0.0595,-0.0579,-0.0563,-0.0595,-0.0579,-0.0563,11602441
12064846,0.0902,0.0918,0.0934,0.0902,0.0918,0.0934,12064846
14469247,0.001,0.0026,0.0043,0.001,0.0026,0.0043,14469247
14112079,0.0197,0.0213,0.023,0.0197,0.0213,0.023,14112079
11487154,-0.0185,-0.0169,-0.0153,-0.0185,-0.0169,-0.0153,11487154
12082572,0.0009,0.0025,0.0041,0.0009,0.0025,0.0041,12082572
13888764,-0.0127,-0.0111,-0.0095,-0.0127,-0.0111,-0.0095,13888764
10910629,0.0047,0.0063,0.0079,0.0047,0.0063,0.0079,10910629
14616857,-0.0268,-0.0252,-0.0236,-0.0268,-0.0252,-0.0236,14616857
12768383,0.1113,0.1129,0.1146,0.1113,0.1129,0.1146,12768383
11808047,-0.0033,-0.0017,-0.0001,-0.0033,-0.0017,-0.0001,11808047
10918094,-0.0166,-0.015,-0.0134,-0.0166,-0.015,-0.0134,10918094
11210113,-0.0119,-0.0103,-0.0087,-0.0119,-0.0103,-0.0087,11210113
17208044,0.0209,0.0225,0.0241,0.0209,0.0225,0.0241,17208044
12257893,-0.0217,-0.0201,-0.0185,-0.0217,-0.0201,-0.0185,12257893
12863883,-0.0003,0.0013,0.0029,-0.0003,0.0013,0.0029,12863883
11988292,-0.015,-0.0134,-0.0118,-0.015,-0.0134,-0.0118,11988292
14455318,0.0135,0.0152,0.0168,0.0135,0.0152,0.0168,14455318
12860428,-0.0172,-0.0156,-0.014,-0.0172,-0.0156,-0.014,12860428
14736671,-0.0007,0.0009,0.0025,-0.0007,0.0009,0.0025,14736671
11319705,-0.0066,-0.005,-0.0034,-0.0066,-0.005,-0.0034,11319705
11996100,-0.0144,-0.0128,-0.0112,-0.0144,-0.0128,-0.0112,11996100
14065656,0.0167,0.0183,0.0199,0.0167,0.0183,0.0199,14065656
14723895,-0.0101,-0.0085,-0.0068,-0.0101,-0.0085,-0.0068,14723895
12003889,0.0186,0.0202,0.0218,0.0186,0.0202,0.0218,12003889
14269127,0.0228,0.0244,0.026,0.0228,0.0244,0.026,14269127
11574055,-0.1145,-0.1129,-0.1113,-0.1145,-0.1129,-0.1113,11574055
12765366,0.0441,0.0457,0.0473,0.0441,0.0457,0.0473,12765366
12654972,0.067,0.0686,0.0702,0.067,0.0686,0.0702,12654972
12765669,0.0184,0.02,0.0216,0.0184,0.02,0.0216,12765669
11728001,-0.0362,-0.0345,-0.0329,-0.0362,-0.0345,-0.0329,11728001
10858042,0.0383,0.0399,0.0415,0.0383,0.0399,0.0415,10858042
11194307,0.0158,0.0174,0.019,0.0158,0.0174,0.019,11194307
11556910,-0.0005,0.0011,0.0027,-0.0005,0.0011,0.0027,11556910
12696562,-0.0036,-0.002,-0.0004,-0.0036,-0.002,-0.0004,12696562
10754364,0.0257,0.0273,0.0289,0.0257,0.0273,0.0289,10754364
14470078,0.0128,0.0144,0.016,0.0128,0.0144,0.016,14470078
11575370,-0.0067,-0.0051,-0.0035,-0.0067,-0.0051,-0.0035,11575370
14619482,0.001,0.0027,0.0043,0.001,0.0027,0.0043,14619482
12644274,0.0036,0.0053,0.0069,0.0036,0.0053,0.0069,12644274
14284238,-0.0036,-0.002,-0.0003,-0.0036,-0.002,-0.0003,14284238
11687406,-0.0188,-0.0172,-0.0156,-0.0188,-0.0172,-0.0156,11687406
12412011,-0.0095,-0.0079,-0.0062,-0.0095,-0.0079,-0.0062,12412011
11069142,-0.0852,-0.0836,-0.082,-0.0852,-0.0836,-0.082,11069142
13989659,0.0094,0.011,0.0126,0.0094,0.011,0.0126,13989659
14723050,-0.0049,-0.0033,-0.0017,-0.0049,-0.0033,-0.0017,14723050
17152020,0.034,0.0356,0.0372,0.034,0.0356,0.0372,17152020
14428175,-0.1261,-0.1245,-0.1229,-0.1261,-0.1245,-0.1229,14428175
12726199,0.0083,0.0099,0.0115,0.0083,0.0099,0.0115,12726199
12023933,-0.0095,-0.0079,-0.0062,-0.0095,-0.0079,-0.0062,12023933
13980274,-0.0097,-0.0081,-0.0065,-0.0097,-0.0081,-0.0065,13980274
14647327,-0.0001,0.0015,0.0032,-0.0001,0.0015,0.0032,14647327
11889839,-0.0053,-0.0037,-0.0021,-0.0053,-0.0037,-0.0021,11889839
12863619,0.0231,0.0247,0.0263,0.0231,0.0247,0.0263,12863619
11182411,-0.0053,-0.0037,-0.0021,-0.0053,-0.0037,-0.0021,11182411
13053714,0.0165,0.0181,0.0197,0.0165,0.0181,0.0197,13053714
11053102,0.0176,0.0193,0.0209,0.0176,0.0193,0.0209,11053102
12801532,0.0093,0.0109,0.0126,0.0093,0.0109,0.0126,12801532
10743521,-0.0047,-0.0031,-0.0015,-0.0047,-0.0031,-0.0015,10743521
14023138,0.0018,0.0034,0.0051,0.0018,0.0034,0.0051,14023138
11113943,0.0001,0.0017,0.0033,0.0001,0.0017,0.0033,11113943
11443841,0.0077,0.0093,0.0109,0.0077,0.0093,0.0109,11443841
12220040,0.0162,0.0178,0.0194,0.0162,0.0178,0.0194,12220040
11936639,-0.1031,-0.1015,-0.0999,-0.1031,-0.1015,-0.0999,11936639
13891603,-0.1874,-0.1858,-0.1842,-0.1874,-0.1858,-0.1842,13891603
12452950,-0.015,-0.0134,-0.0118,-0.015,-0.0134,-0.0118,12452950
12850963,-0.0124,-0.0108,-0.0092,-0.0124,-0.0108,-0.0092,12850963
14612143,-0.0044,-0.0027,-0.0011,-0.0044,-0.0027,-0.0011,14612143
12453599,-0.0587,-0.0571,-0.0555,-0.0587,-0.0571,-0.0555,12453599
14637960,-0.0056,-0.004,-0.0023,-0.0056,-0.004,-0.0023,14637960
12831368,-0.0305,-0.0289,-0.0273,-0.0305,-0.0289,-0.0273,12831368
12928619,0.0174,0.019,0.0206,0.0174,0.019,0.0206,12928619
11153353,0.0571,0.0587,0.0603,0.0571,0.0587,0.0603,11153353
12009056,0.049,0.0506,0.0522,0.049,0.0506,0.0522,12009056
11464641,-0.0458,-0.0442,-0.0426,-0.0458,-0.0442,-0.0426,11464641
14409153,0.0171,0.0188,0.0204,0.0171,0.0188,0.0204,14409153
11269196,-0.0235,-0.0219,-0.0203,-0.0235,-0.0219,-0.0203,11269196
17250364,0.0224,0.024,0.0256,0.0224,0.024,0.0256,17250364
11209712,0.0147,0.0163,0.018,0.0147,0.0163,0.018,11209712
12209510,-0.0015,0.0002,0.0018,-0.0015,0.0002,0.0018,12209510
14405618,-0.0326,-0.0309,-0.0293,-0.0326,-0.0309,-0.0293,14405618
17221388,-0.0056,-0.0039,-0.0023,-0.0056,-0.0039,-0.0023,17221388
11313095,0.0045,0.0061,0.0078,0.0045,0.0061,0.0078,11313095
11130077,-0.0031,-0.0015,0.0001,-0.0031,-0.0015,0.0001,11130077
11216754,-0.0008,0.0008,0.0024,-0.0008,0.0008,0.0024,11216754
11899820,0.0021,0.0037,0.0053,0.0021,0.0037,0.0053,11899820
14025924,0.0103,0.0119,0.0136,0.0103,0.0119,0.0136,14025924
11822251,0.0163,0.0179,0.0195,0.0163,0.0179,0.0195,11822251
12001839,0.0202,0.0218,0.0234,0.0202,0.0218,0.0234,12001839
11550940,-0.0952,-0.0936,-0.092,-0.0952,-0.0936,-0.092,11550940
12404495,0.0015,0.0031,0.0047,0.0015,0.0031,0.0047,12404495
11266989,-0.0205,-0.0189,-0.0172,-0.0205,-0.0189,-0.0172,11266989
11342249,-0.0185,-0.0169,-0.0153,-0.0185,-0.0169,-0.0153,11342249
13027107,-0.0001,0.0016,0.0032,-0.0001,0.0016,0.0032,13027107
12749667,-0.0034,-0.0018,-0.0002,-0.0034,-0.0018,-0.0002,12749667
14477552,0.0086,0.0102,0.0118,0.0086,0.0102,0.0118,14477552
11718962,-0.0747,-0.0731,-0.0715,-0.0747,-0.0731,-0.0715,11718962
10862997,0.015,0.0166,0.0183,0.015,0.0166,0.0183,10862997
12705741,0.03,0.0316,0.0332,0.03,0.0316,0.0332,12705741
10862983,0.005,0.0066,0.0082,0.005,0.0066,0.0082,10862983
11140709,-0.0061,-0.0045,-0.0028,-0.0061,-0.0045,-0.0028,11140709
14508735,0.0308,0.0324,0.034,0.0308,0.0324,0.034,14508735
14446572,0.0052,0.0068,0.0084,0.0052,0.0068,0.0084,14446572
12091465,-0.0042,-0.0026,-0.001,-0.0042,-0.0026,-0.001,12091465
13055428,0.0399,0.0415,0.0431,0.0399,0.0415,0.0431,13055428
11946625,0.0345,0.0361,0.0377,0.0345,0.0361,0.0377,11946625
12340455,-0.0001,0.0015,0.0031,-0.0001,0.0015,0.0031,12340455
12078970,-0.0093,-0.0077,-0.006,-0.0093,-0.0077,-0.006,12078970
14153035,-0.0016,0.0,0.0017,-0.0016,0.0,0.0017,14153035
11698617,0.0102,0.0118,0.0134,0.0102,0.0118,0.0134,11698617
12373470,-0.0471,-0.0455,-0.0438,-0.0471,-0.0455,-0.0438,12373470
13966936,0.0085,0.0101,0.0118,0.0085,0.0101,0.0118,13966936
11327543,-0.0159,-0.0143,-0.0127,-0.0159,-0.0143,-0.0127,11327543
12489865,-0.0003,0.0013,0.003,-0.0003,0.0013,0.003,12489865
12079956,-0.002,-0.0004,0.0012,-0.002,-0.0004,0.0012,12079956
12771471,0.0179,0.0195,0.0211,0.0179,0.0195,0.0211,12771471
14634900,-0.0109,-0.0093,-0.0077,-0.0109,-0.0093,-0.0077,14634900
11136168,-0.0056,-0.0039,-0.0023,-0.0056,-0.0039,-0.0023,11136168
11183209,-0.0163,-0.0146,-0.013,-0.0163,-0.0146,-0.013,11183209
13077298,0.0022,0.0038,0.0054,0.0022,0.0038,0.0054,13077298
13078053,-0.016,-0.0144,-0.0128,-0.016,-0.0144,-0.0128,13078053
17104977,-0.0341,-0.0325,-0.0309,-0.0341,-0.0325,-0.0309,17104977
17077121,-0.0035,-0.0019,-0.0003,-0.0035,-0.0019,-0.0003,17077121
13979110,0.0165,0.0181,0.0198,0.0165,0.0181,0.0198,13979110
11071614,0.0086,0.0102,0.0118,0.0086,0.0102,0.0118,11071614
17118603,0.0615,0.0631,0.0647,0.0615,0.0631,0.0647,17118603
11133977,-0.0067,-0.0051,-0.0034,-0.0067,-0.0051,-0.0034,11133977
11291133,-0.0025,-0.0009,0.0007,-0.0025,-0.0009,0.0007,11291133
11948938,-0.0269,-0.0253,-0.0237,-0.0269,-0.0253,-0.0237,11948938
11834716,0.032,0.0337,0.0353,0.032,0.0337,0.0353,11834716
12698103,-0.0201,-0.0184,-0.0168,-0.0201,-0.0184,-0.0168,12698103
11948251,-0.0213,-0.0197,-0.018,-0.0213,-0.0197,-0.018,11948251
17283016,0.0004,0.002,0.0036,0.0004,0.002,0.0036,17283016
12493108,-0.004,-0.0024,-0.0008,-0.004,-0.0024,-0.0008,12493108
10949131,0.0234,0.025,0.0266,0.0234,0.025,0.0266,10949131
11533242,-0.0307,-0.0291,-0.0275,-0.0307,-0.0291,-0.0275,11533242
13974547,-0.0011,0.0005,0.0021,-0.0011,0.0005,0.0021,13974547
12534723,-0.0464,-0.0448,-0.0432,-0.0464,-0.0448,-0.0432,12534723
11704873,-0.0521,-0.0505,-0.0489,-0.0521,-0.0505,-0.0489,11704873
14323152,0.0144,0.016,0.0176,0.0144,0.016,0.0176,14323152
14634392,-0.0056,-0.004,-0.0024,-0.0056,-0.004,-0.0024,14634392
14415498,0.0003,0.0019,0.0035,0.0003,0.0019,0.0035,14415498
14659316,-0.0476,-0.0459,-0.0443,-0.0476,-0.0459,-0.0443,14659316
11534982,-0.0025,-0.0008,0.0008,-0.0025,-0.0008,0.0008,11534982
14227544,-0.0032,-0.0015,0.0001,-0.0032,-0.0015,0.0001,14227544
14227494,0.0054,0.0071,0.0087,0.0054,0.0071,0.0087,14227494
11066119,-0.0015,0.0002,0.0018,-0.0015,0.0002,0.0018,11066119
13097245,0.0035,0.0051,0.0067,0.0035,0.0051,0.0067,13097245
11523431,-0.0115,-0.0099,-0.0083,-0.0115,-0.0099,-0.0083,11523431
12696907,0.0196,0.0212,0.0228,0.0196,0.0212,0.0228,12696907
14660592,0.007,0.0086,0.0102,0.007,0.0086,0.0102,14660592
